Ref,Val,Package,PosX,PosY,Rot,Side
"C1","10n","R_0603_1608Metric",131.318000,-174.980500,270.000000,top
"C2","10n","R_0603_1608Metric",131.318000,-164.980500,270.000000,top
"C3","10n","R_0603_1608Metric",131.318000,-154.980500,270.000000,top
"C4","10n","R_0603_1608Metric",131.318000,-144.980500,270.000000,top
"C5","10n","R_0603_1608Metric",131.318000,-134.980500,270.000000,top
"C6","10n","R_0603_1608Metric",131.318000,-124.980500,270.000000,top
"C7","10n","R_0603_1608Metric",131.318000,-114.980500,270.000000,top
"C8","10n","R_0603_1608Metric",131.318000,-104.980500,270.000000,top
"C9","10n","R_0603_1608Metric",131.318000,-94.980500,270.000000,top
"C10","10n","R_0603_1608Metric",131.318000,-84.980500,270.000000,top
"C11","10n","R_0603_1608Metric",131.318000,-74.980500,270.000000,top
"C12","10n","R_0603_1608Metric",131.318000,-64.980500,270.000000,top
"C13","10n","R_0603_1608Metric",131.318000,-54.980500,270.000000,top
"C14","10n","R_0603_1608Metric",131.318000,-44.980500,270.000000,top
"C15","10n","R_0603_1608Metric",131.318000,-34.980500,270.000000,top
"C16","10n","R_0603_1608Metric",131.318000,-24.980500,270.000000,top
"C17","10n","R_0603_1608Metric",131.318000,-14.980500,270.000000,top
"C18","10n","R_0603_1608Metric",131.318000,-4.980500,270.000000,top
"C19","10n","R_0603_1608Metric",131.318000,5.019500,270.000000,top
"C20","10n","R_0603_1608Metric",131.318000,15.019500,270.000000,top
"C21","10n","R_0603_1608Metric",131.318000,25.019500,270.000000,top
"C22","10n","R_0603_1608Metric",81.318000,-174.980500,270.000000,top
"C23","10n","R_0603_1608Metric",81.318000,-164.980500,270.000000,top
"C24","10n","R_0603_1608Metric",81.318000,-154.980500,270.000000,top
"C25","10n","R_0603_1608Metric",81.318000,-144.980500,270.000000,top
"C26","10n","R_0603_1608Metric",81.318000,-134.980500,270.000000,top
"C27","10n","R_0603_1608Metric",81.318000,-124.980500,270.000000,top
"C28","10n","R_0603_1608Metric",81.318000,-114.980500,270.000000,top
"C29","10n","R_0603_1608Metric",81.318000,-104.980500,270.000000,top
"C30","10n","R_0603_1608Metric",81.318000,-94.980500,270.000000,top
"C31","10n","R_0603_1608Metric",81.318000,-84.980500,270.000000,top
"C32","10n","R_0603_1608Metric",81.318000,-74.980500,270.000000,top
"C33","10n","R_0603_1608Metric",81.318000,-64.980500,270.000000,top
"C34","10n","R_0603_1608Metric",81.318000,-54.980500,270.000000,top
"C35","10n","R_0603_1608Metric",81.318000,-44.980500,270.000000,top
"C36","10n","R_0603_1608Metric",81.318000,-34.980500,270.000000,top
"C37","10n","R_0603_1608Metric",81.318000,-24.980500,270.000000,top
"C38","10n","R_0603_1608Metric",81.318000,-14.980500,270.000000,top
"C39","10n","R_0603_1608Metric",81.318000,-4.980500,270.000000,top
"C40","10n","R_0603_1608Metric",81.318000,5.019500,270.000000,top
"C41","10n","R_0603_1608Metric",81.318000,15.019500,270.000000,top
"C42","10n","R_0603_1608Metric",81.318000,25.019500,270.000000,top
"C43","100n","R_0603_1608Metric",148.844000,-70.358000,180.000000,top
"C44","100n","R_0603_1608Metric",95.250000,-81.254500,90.000000,top
"C45","100n","R_0603_1608Metric",92.964000,-53.848000,180.000000,top
"C46","100n","R_0603_1608Metric",209.804000,-144.780000,90.000000,top
"C47","10u","R_0603_1608Metric",19.050000,-104.140000,270.000000,top
"C48","10u","R_0603_1608Metric",26.416000,-98.806000,0.000000,top
"C49","1u","R_0603_1608Metric",134.874000,38.354000,270.000000,top
"C50","10u","R_0603_1608Metric",92.378000,37.084000,270.000000,top
"C51","1u","R_0603_1608Metric",97.204000,34.290000,180.000000,top
"C52","470p","R_0603_1608Metric",110.200000,37.500000,90.000000,top
"C53","10u","R_1210_3225Metric",131.064000,38.862000,270.000000,top
"C54","100n","R_0603_1608Metric",36.347500,-151.384000,0.000000,top
"C55","100n","R_0603_1608Metric",40.868500,-151.384000,0.000000,top
"D1","17-21SUYC/TR8","R_0805_2012Metric",131.064000,-179.324000,90.000000,top
"D2","MMSZ5245B-E3-08","D_SOD-123",126.492000,-179.324000,270.000000,top
"D3","D_Zener","D_0805_2012Metric",136.652000,-174.498000,180.000000,top
"D4","17-21SUYC/TR8","R_0805_2012Metric",131.064000,-169.324000,90.000000,top
"D5","MMSZ5245B-E3-08","D_SOD-123",126.492000,-169.324000,270.000000,top
"D6","D_Zener","D_0805_2012Metric",136.652000,-164.498000,180.000000,top
"D7","17-21SUYC/TR8","R_0805_2012Metric",131.064000,-159.324000,90.000000,top
"D8","MMSZ5245B-E3-08","D_SOD-123",126.492000,-159.324000,270.000000,top
"D9","D_Zener","D_0805_2012Metric",136.652000,-154.498000,180.000000,top
"D10","17-21SUYC/TR8","R_0805_2012Metric",131.064000,-149.324000,90.000000,top
"D11","MMSZ5245B-E3-08","D_SOD-123",126.492000,-149.324000,270.000000,top
"D12","D_Zener","D_0805_2012Metric",136.652000,-144.498000,180.000000,top
"D13","17-21SUYC/TR8","R_0805_2012Metric",131.064000,-139.324000,90.000000,top
"D14","MMSZ5245B-E3-08","D_SOD-123",126.492000,-139.324000,270.000000,top
"D15","D_Zener","D_0805_2012Metric",136.652000,-134.498000,180.000000,top
"D16","17-21SUYC/TR8","R_0805_2012Metric",131.064000,-129.324000,90.000000,top
"D17","MMSZ5245B-E3-08","D_SOD-123",126.492000,-129.324000,270.000000,top
"D18","D_Zener","D_0805_2012Metric",136.652000,-124.498000,180.000000,top
"D19","17-21SUYC/TR8","R_0805_2012Metric",131.064000,-119.324000,90.000000,top
"D20","MMSZ5245B-E3-08","D_SOD-123",126.492000,-119.324000,270.000000,top
"D21","D_Zener","D_0805_2012Metric",136.652000,-114.498000,180.000000,top
"D22","17-21SUYC/TR8","R_0805_2012Metric",131.064000,-109.324000,90.000000,top
"D23","MMSZ5245B-E3-08","D_SOD-123",126.492000,-109.324000,270.000000,top
"D24","D_Zener","D_0805_2012Metric",136.652000,-104.498000,180.000000,top
"D25","17-21SUYC/TR8","R_0805_2012Metric",131.064000,-99.324000,90.000000,top
"D26","MMSZ5245B-E3-08","D_SOD-123",126.492000,-99.324000,270.000000,top
"D27","D_Zener","D_0805_2012Metric",136.652000,-94.498000,180.000000,top
"D28","17-21SUYC/TR8","R_0805_2012Metric",131.064000,-89.324000,90.000000,top
"D29","MMSZ5245B-E3-08","D_SOD-123",126.492000,-89.324000,270.000000,top
"D30","D_Zener","D_0805_2012Metric",136.652000,-84.498000,180.000000,top
"D31","17-21SUYC/TR8","R_0805_2012Metric",131.064000,-79.324000,90.000000,top
"D32","MMSZ5245B-E3-08","D_SOD-123",126.492000,-79.324000,270.000000,top
"D33","D_Zener","D_0805_2012Metric",136.652000,-74.498000,180.000000,top
"D34","17-21SUYC/TR8","R_0805_2012Metric",131.064000,-69.324000,90.000000,top
"D35","MMSZ5245B-E3-08","D_SOD-123",126.492000,-69.324000,270.000000,top
"D36","D_Zener","D_0805_2012Metric",136.652000,-64.498000,180.000000,top
"D37","17-21SUYC/TR8","R_0805_2012Metric",131.064000,-59.324000,90.000000,top
"D38","MMSZ5245B-E3-08","D_SOD-123",126.492000,-59.324000,270.000000,top
"D39","D_Zener","D_0805_2012Metric",136.652000,-54.498000,180.000000,top
"D40","17-21SUYC/TR8","R_0805_2012Metric",131.064000,-49.324000,90.000000,top
"D41","MMSZ5245B-E3-08","D_SOD-123",126.492000,-49.324000,270.000000,top
"D42","D_Zener","D_0805_2012Metric",136.652000,-44.498000,180.000000,top
"D43","17-21SUYC/TR8","R_0805_2012Metric",131.064000,-39.324000,90.000000,top
"D44","MMSZ5245B-E3-08","D_SOD-123",126.492000,-39.324000,270.000000,top
"D45","D_Zener","D_0805_2012Metric",136.652000,-34.498000,180.000000,top
"D46","17-21SUYC/TR8","R_0805_2012Metric",131.064000,-29.324000,90.000000,top
"D47","MMSZ5245B-E3-08","D_SOD-123",126.492000,-29.324000,270.000000,top
"D48","D_Zener","D_0805_2012Metric",136.652000,-24.498000,180.000000,top
"D49","17-21SUYC/TR8","R_0805_2012Metric",131.064000,-19.324000,90.000000,top
"D50","MMSZ5245B-E3-08","D_SOD-123",126.492000,-19.324000,270.000000,top
"D51","D_Zener","D_0805_2012Metric",136.652000,-14.498000,180.000000,top
"D52","17-21SUYC/TR8","R_0805_2012Metric",131.064000,-9.324000,90.000000,top
"D53","MMSZ5245B-E3-08","D_SOD-123",126.492000,-9.324000,270.000000,top
"D54","D_Zener","D_0805_2012Metric",136.652000,-4.498000,180.000000,top
"D55","17-21SUYC/TR8","R_0805_2012Metric",131.064000,0.676000,90.000000,top
"D56","MMSZ5245B-E3-08","D_SOD-123",126.492000,0.676000,270.000000,top
"D57","D_Zener","D_0805_2012Metric",136.652000,5.502000,180.000000,top
"D58","17-21SUYC/TR8","R_0805_2012Metric",131.064000,10.676000,90.000000,top
"D59","MMSZ5245B-E3-08","D_SOD-123",126.492000,10.676000,270.000000,top
"D60","D_Zener","D_0805_2012Metric",136.652000,15.502000,180.000000,top
"D61","17-21SUYC/TR8","R_0805_2012Metric",131.064000,20.676000,90.000000,top
"D62","MMSZ5245B-E3-08","D_SOD-123",126.492000,20.676000,270.000000,top
"D63","D_Zener","D_0805_2012Metric",136.652000,25.502000,180.000000,top
"D64","17-21SUYC/TR8","R_0805_2012Metric",81.064000,-179.324000,90.000000,top
"D65","MMSZ5245B-E3-08","D_SOD-123",76.492000,-179.324000,270.000000,top
"D66","D_Zener","D_0805_2012Metric",86.652000,-174.498000,180.000000,top
"D67","17-21SUYC/TR8","R_0805_2012Metric",81.064000,-169.324000,90.000000,top
"D68","MMSZ5245B-E3-08","D_SOD-123",76.492000,-169.324000,270.000000,top
"D69","D_Zener","D_0805_2012Metric",86.652000,-164.498000,180.000000,top
"D70","17-21SUYC/TR8","R_0805_2012Metric",81.064000,-159.324000,90.000000,top
"D71","MMSZ5245B-E3-08","D_SOD-123",76.492000,-159.324000,270.000000,top
"D72","D_Zener","D_0805_2012Metric",86.652000,-154.498000,180.000000,top
"D73","17-21SUYC/TR8","R_0805_2012Metric",81.064000,-149.324000,90.000000,top
"D74","MMSZ5245B-E3-08","D_SOD-123",76.492000,-149.324000,270.000000,top
"D75","D_Zener","D_0805_2012Metric",86.652000,-144.498000,180.000000,top
"D76","17-21SUYC/TR8","R_0805_2012Metric",81.064000,-139.324000,90.000000,top
"D77","MMSZ5245B-E3-08","D_SOD-123",76.492000,-139.324000,270.000000,top
"D78","D_Zener","D_0805_2012Metric",86.652000,-134.498000,180.000000,top
"D79","17-21SUYC/TR8","R_0805_2012Metric",81.064000,-129.324000,90.000000,top
"D80","MMSZ5245B-E3-08","D_SOD-123",76.492000,-129.324000,270.000000,top
"D81","D_Zener","D_0805_2012Metric",86.652000,-124.498000,180.000000,top
"D82","17-21SUYC/TR8","R_0805_2012Metric",81.064000,-119.324000,90.000000,top
"D83","MMSZ5245B-E3-08","D_SOD-123",76.492000,-119.324000,270.000000,top
"D84","D_Zener","D_0805_2012Metric",86.652000,-114.498000,180.000000,top
"D85","17-21SUYC/TR8","R_0805_2012Metric",81.064000,-109.324000,90.000000,top
"D86","MMSZ5245B-E3-08","D_SOD-123",76.492000,-109.324000,270.000000,top
"D87","D_Zener","D_0805_2012Metric",86.652000,-104.498000,180.000000,top
"D88","17-21SUYC/TR8","R_0805_2012Metric",81.064000,-99.324000,90.000000,top
"D89","MMSZ5245B-E3-08","D_SOD-123",76.492000,-99.324000,270.000000,top
"D90","D_Zener","D_0805_2012Metric",86.652000,-94.498000,180.000000,top
"D91","17-21SUYC/TR8","R_0805_2012Metric",81.064000,-89.324000,90.000000,top
"D92","MMSZ5245B-E3-08","D_SOD-123",76.492000,-89.324000,270.000000,top
"D93","D_Zener","D_0805_2012Metric",86.652000,-84.498000,180.000000,top
"D94","17-21SUYC/TR8","R_0805_2012Metric",81.064000,-79.324000,90.000000,top
"D95","MMSZ5245B-E3-08","D_SOD-123",76.492000,-79.324000,270.000000,top
"D96","D_Zener","D_0805_2012Metric",86.652000,-74.498000,180.000000,top
"D97","17-21SUYC/TR8","R_0805_2012Metric",81.064000,-69.324000,90.000000,top
"D98","MMSZ5245B-E3-08","D_SOD-123",76.492000,-69.324000,270.000000,top
"D99","D_Zener","D_0805_2012Metric",86.652000,-64.498000,180.000000,top
"D100","17-21SUYC/TR8","R_0805_2012Metric",81.064000,-59.324000,90.000000,top
"D101","MMSZ5245B-E3-08","D_SOD-123",76.492000,-59.324000,270.000000,top
"D102","D_Zener","D_0805_2012Metric",86.652000,-54.498000,180.000000,top
"D103","17-21SUYC/TR8","R_0805_2012Metric",81.064000,-49.324000,90.000000,top
"D104","MMSZ5245B-E3-08","D_SOD-123",76.492000,-49.324000,270.000000,top
"D105","D_Zener","D_0805_2012Metric",86.652000,-44.498000,180.000000,top
"D106","17-21SUYC/TR8","R_0805_2012Metric",81.064000,-39.324000,90.000000,top
"D107","MMSZ5245B-E3-08","D_SOD-123",76.492000,-39.324000,270.000000,top
"D108","D_Zener","D_0805_2012Metric",86.652000,-34.498000,180.000000,top
"D109","17-21SUYC/TR8","R_0805_2012Metric",81.064000,-29.324000,90.000000,top
"D110","MMSZ5245B-E3-08","D_SOD-123",76.492000,-29.324000,270.000000,top
"D111","D_Zener","D_0805_2012Metric",86.652000,-24.498000,180.000000,top
"D112","17-21SUYC/TR8","R_0805_2012Metric",81.064000,-19.324000,90.000000,top
"D113","MMSZ5245B-E3-08","D_SOD-123",76.492000,-19.324000,270.000000,top
"D114","D_Zener","D_0805_2012Metric",86.652000,-14.498000,180.000000,top
"D115","17-21SUYC/TR8","R_0805_2012Metric",81.064000,-9.324000,90.000000,top
"D116","MMSZ5245B-E3-08","D_SOD-123",76.492000,-9.324000,270.000000,top
"D117","D_Zener","D_0805_2012Metric",86.652000,-4.498000,180.000000,top
"D118","17-21SUYC/TR8","R_0805_2012Metric",81.064000,0.676000,90.000000,top
"D119","MMSZ5245B-E3-08","D_SOD-123",76.492000,0.676000,270.000000,top
"D120","D_Zener","D_0805_2012Metric",86.652000,5.502000,180.000000,top
"D121","17-21SUYC/TR8","R_0805_2012Metric",81.064000,10.676000,90.000000,top
"D122","MMSZ5245B-E3-08","D_SOD-123",76.492000,10.676000,270.000000,top
"D123","D_Zener","D_0805_2012Metric",86.652000,15.502000,180.000000,top
"D124","17-21SUYC/TR8","R_0805_2012Metric",81.064000,20.676000,90.000000,top
"D125","MMSZ5245B-E3-08","D_SOD-123",76.492000,20.676000,270.000000,top
"D126","D_Zener","D_0805_2012Metric",86.652000,25.502000,180.000000,top
"D127","17-21SUYC/TR8","R_0805_2012Metric",200.406000,-176.784000,90.000000,top
"D128","17-21SUYC/TR8","R_0805_2012Metric",200.406000,-166.784000,90.000000,top
"D129","17-21SUYC/TR8","R_0805_2012Metric",200.406000,-156.784000,90.000000,top
"D130","17-21SUYC/TR8","R_0805_2012Metric",200.406000,-146.784000,90.000000,top
"D131","17-21SUYC/TR8","R_0805_2012Metric",200.406000,-136.784000,90.000000,top
"D132","17-21SUYC/TR8","R_0805_2012Metric",200.406000,-126.784000,90.000000,top
"D133","17-21SUYC/TR8","R_0805_2012Metric",200.406000,-116.784000,90.000000,top
"D134","17-21SUYC/TR8","R_0805_2012Metric",200.406000,-106.784000,90.000000,top
"D135","17-21SUYC/TR8","R_0805_2012Metric",200.406000,-96.784000,90.000000,top
"D136","17-21SUYC/TR8","R_0805_2012Metric",200.406000,-86.784000,90.000000,top
"D137","17-21SUYC/TR8","R_0805_2012Metric",200.406000,-76.784000,90.000000,top
"D138","17-21SUYC/TR8","R_0805_2012Metric",200.406000,-66.784000,90.000000,top
"D139","17-21SUYC/TR8","R_0805_2012Metric",200.406000,-56.784000,90.000000,top
"D140","17-21SUYC/TR8","R_0805_2012Metric",200.406000,-46.784000,90.000000,top
"D141","17-21SUYC/TR8","R_0805_2012Metric",200.406000,-36.784000,90.000000,top
"D142","17-21SUYC/TR8","R_0805_2012Metric",200.406000,-26.784000,90.000000,top
"D143","17-21SUYC/TR8","R_0805_2012Metric",200.406000,-16.784000,90.000000,top
"D144","17-21SUYC/TR8","R_0805_2012Metric",200.406000,-6.784000,90.000000,top
"D145","17-21SUYC/TR8","R_0805_2012Metric",200.406000,3.216000,90.000000,top
"D146","17-21SUYC/TR8","R_0805_2012Metric",200.406000,13.216000,90.000000,top
"D147","17-21SUYC/TR8","R_0805_2012Metric",200.406000,23.216000,90.000000,top
"D148","CMZ5934B","D_SMA",107.800000,33.200000,270.000000,top
"D149"," DFLS1100","D_PowerDI-123",108.100000,40.100000,90.000000,top
"D150","D","D_0805_2012Metric",152.908000,34.290000,270.000000,top
"D151"," PDS360","D_PowerDI-5",130.380500,45.466000,180.000000,top
"Q1","2N7002","SOT-23",134.112000,-178.308000,180.000000,top
"Q2","2N7002","SOT-23",134.112000,-168.308000,180.000000,top
"Q3","2N7002","SOT-23",134.112000,-158.308000,180.000000,top
"Q4","2N7002","SOT-23",134.112000,-148.308000,180.000000,top
"Q5","2N7002","SOT-23",134.112000,-138.308000,180.000000,top
"Q6","2N7002","SOT-23",134.112000,-128.308000,180.000000,top
"Q7","2N7002","SOT-23",134.112000,-118.308000,180.000000,top
"Q8","2N7002","SOT-23",134.112000,-108.308000,180.000000,top
"Q9","2N7002","SOT-23",134.112000,-98.308000,180.000000,top
"Q10","2N7002","SOT-23",134.112000,-88.308000,180.000000,top
"Q11","2N7002","SOT-23",134.112000,-78.308000,180.000000,top
"Q12","2N7002","SOT-23",134.112000,-68.308000,180.000000,top
"Q13","2N7002","SOT-23",134.112000,-58.308000,180.000000,top
"Q14","2N7002","SOT-23",134.112000,-48.308000,180.000000,top
"Q15","2N7002","SOT-23",134.112000,-38.308000,180.000000,top
"Q16","2N7002","SOT-23",134.112000,-28.308000,180.000000,top
"Q17","2N7002","SOT-23",134.112000,-18.308000,180.000000,top
"Q18","2N7002","SOT-23",134.112000,-8.308000,180.000000,top
"Q19","2N7002","SOT-23",134.112000,1.692000,180.000000,top
"Q20","2N7002","SOT-23",134.112000,11.692000,180.000000,top
"Q21","2N7002","SOT-23",134.112000,21.692000,180.000000,top
"Q22","2N7002","SOT-23",84.112000,-178.308000,180.000000,top
"Q23","2N7002","SOT-23",84.112000,-168.308000,180.000000,top
"Q24","2N7002","SOT-23",84.112000,-158.308000,180.000000,top
"Q25","2N7002","SOT-23",84.112000,-148.308000,180.000000,top
"Q26","2N7002","SOT-23",84.112000,-138.308000,180.000000,top
"Q27","2N7002","SOT-23",84.112000,-128.308000,180.000000,top
"Q28","2N7002","SOT-23",84.112000,-118.308000,180.000000,top
"Q29","2N7002","SOT-23",84.112000,-108.308000,180.000000,top
"Q30","2N7002","SOT-23",84.112000,-98.308000,180.000000,top
"Q31","2N7002","SOT-23",84.112000,-88.308000,180.000000,top
"Q32","2N7002","SOT-23",84.112000,-78.308000,180.000000,top
"Q33","2N7002","SOT-23",84.112000,-68.308000,180.000000,top
"Q34","2N7002","SOT-23",84.112000,-58.308000,180.000000,top
"Q35","2N7002","SOT-23",84.112000,-48.308000,180.000000,top
"Q36","2N7002","SOT-23",84.112000,-38.308000,180.000000,top
"Q37","2N7002","SOT-23",84.112000,-28.308000,180.000000,top
"Q38","2N7002","SOT-23",84.112000,-18.308000,180.000000,top
"Q39","2N7002","SOT-23",84.112000,-8.308000,180.000000,top
"Q40","2N7002","SOT-23",84.112000,1.692000,180.000000,top
"Q41","2N7002","SOT-23",84.112000,11.692000,180.000000,top
"Q42","2N7002","SOT-23",84.112000,21.692000,180.000000,top
"Q43","C3M0065090J","Infineon_PG-TO-220-7Lead_TabPin8",160.274000,33.709000,90.000000,top
"R1","330","R_0603_1608Metric",126.492000,-175.006000,90.000000,top
"R2","4.75k","R_0603_1608Metric",128.270000,-175.006000,270.000000,top
"R3","100","R_0603_1608Metric",138.176000,-178.562000,90.000000,top
"R4","330","R_0603_1608Metric",126.492000,-165.006000,90.000000,top
"R5","4.75k","R_0603_1608Metric",128.270000,-165.006000,270.000000,top
"R6","100","R_0603_1608Metric",138.176000,-168.562000,90.000000,top
"R7","330","R_0603_1608Metric",126.492000,-155.006000,90.000000,top
"R8","4.75k","R_0603_1608Metric",128.270000,-155.006000,270.000000,top
"R9","100","R_0603_1608Metric",138.176000,-158.562000,90.000000,top
"R10","330","R_0603_1608Metric",126.492000,-145.006000,90.000000,top
"R11","4.75k","R_0603_1608Metric",128.270000,-145.006000,270.000000,top
"R12","100","R_0603_1608Metric",138.176000,-148.562000,90.000000,top
"R13","330","R_0603_1608Metric",126.492000,-135.006000,90.000000,top
"R14","4.75k","R_0603_1608Metric",128.270000,-135.006000,270.000000,top
"R15","100","R_0603_1608Metric",138.176000,-138.562000,90.000000,top
"R16","330","R_0603_1608Metric",126.492000,-125.006000,90.000000,top
"R17","4.75k","R_0603_1608Metric",128.270000,-125.006000,270.000000,top
"R18","100","R_0603_1608Metric",138.176000,-128.562000,90.000000,top
"R19","330","R_0603_1608Metric",126.492000,-115.006000,90.000000,top
"R20","4.75k","R_0603_1608Metric",128.270000,-115.006000,270.000000,top
"R21","100","R_0603_1608Metric",138.176000,-118.562000,90.000000,top
"R22","330","R_0603_1608Metric",126.492000,-105.006000,90.000000,top
"R23","4.75k","R_0603_1608Metric",128.270000,-105.006000,270.000000,top
"R24","100","R_0603_1608Metric",138.176000,-108.562000,90.000000,top
"R25","330","R_0603_1608Metric",126.492000,-95.006000,90.000000,top
"R26","4.75k","R_0603_1608Metric",128.270000,-95.006000,270.000000,top
"R27","100","R_0603_1608Metric",138.176000,-98.562000,90.000000,top
"R28","330","R_0603_1608Metric",126.492000,-85.006000,90.000000,top
"R29","4.75k","R_0603_1608Metric",128.270000,-85.006000,270.000000,top
"R30","100","R_0603_1608Metric",138.176000,-88.562000,90.000000,top
"R31","330","R_0603_1608Metric",126.492000,-75.006000,90.000000,top
"R32","4.75k","R_0603_1608Metric",128.270000,-75.006000,270.000000,top
"R33","100","R_0603_1608Metric",138.176000,-78.562000,90.000000,top
"R34","330","R_0603_1608Metric",126.492000,-65.006000,90.000000,top
"R35","4.75k","R_0603_1608Metric",128.270000,-65.006000,270.000000,top
"R36","100","R_0603_1608Metric",138.176000,-68.562000,90.000000,top
"R37","330","R_0603_1608Metric",126.492000,-55.006000,90.000000,top
"R38","4.75k","R_0603_1608Metric",128.270000,-55.006000,270.000000,top
"R39","100","R_0603_1608Metric",138.176000,-58.562000,90.000000,top
"R40","330","R_0603_1608Metric",126.492000,-45.006000,90.000000,top
"R41","4.75k","R_0603_1608Metric",128.270000,-45.006000,270.000000,top
"R42","100","R_0603_1608Metric",138.176000,-48.562000,90.000000,top
"R43","330","R_0603_1608Metric",126.492000,-35.006000,90.000000,top
"R44","4.75k","R_0603_1608Metric",128.270000,-35.006000,270.000000,top
"R45","100","R_0603_1608Metric",138.176000,-38.562000,90.000000,top
"R46","330","R_0603_1608Metric",126.492000,-25.006000,90.000000,top
"R47","4.75k","R_0603_1608Metric",128.270000,-25.006000,270.000000,top
"R48","100","R_0603_1608Metric",138.176000,-28.562000,90.000000,top
"R49","330","R_0603_1608Metric",126.492000,-15.006000,90.000000,top
"R50","4.75k","R_0603_1608Metric",128.270000,-15.006000,270.000000,top
"R51","100","R_0603_1608Metric",138.176000,-18.562000,90.000000,top
"R52","330","R_0603_1608Metric",126.492000,-5.006000,90.000000,top
"R53","4.75k","R_0603_1608Metric",128.270000,-5.006000,270.000000,top
"R54","100","R_0603_1608Metric",138.176000,-8.562000,90.000000,top
"R55","330","R_0603_1608Metric",126.492000,4.994000,90.000000,top
"R56","4.75k","R_0603_1608Metric",128.270000,4.994000,270.000000,top
"R57","100","R_0603_1608Metric",138.176000,1.438000,90.000000,top
"R58","330","R_0603_1608Metric",126.492000,14.994000,90.000000,top
"R59","4.75k","R_0603_1608Metric",128.270000,14.994000,270.000000,top
"R60","100","R_0603_1608Metric",138.176000,11.438000,90.000000,top
"R61","330","R_0603_1608Metric",126.492000,24.994000,90.000000,top
"R62","4.75k","R_0603_1608Metric",128.270000,24.994000,270.000000,top
"R63","100","R_0603_1608Metric",138.176000,21.438000,90.000000,top
"R64","330","R_0603_1608Metric",76.492000,-175.006000,90.000000,top
"R65","4.75k","R_0603_1608Metric",78.270000,-175.006000,270.000000,top
"R66","100","R_0603_1608Metric",88.176000,-178.562000,90.000000,top
"R67","330","R_0603_1608Metric",76.492000,-165.006000,90.000000,top
"R68","4.75k","R_0603_1608Metric",78.270000,-165.006000,270.000000,top
"R69","100","R_0603_1608Metric",88.176000,-168.562000,90.000000,top
"R70","330","R_0603_1608Metric",76.492000,-155.006000,90.000000,top
"R71","4.75k","R_0603_1608Metric",78.270000,-155.006000,270.000000,top
"R72","100","R_0603_1608Metric",88.176000,-158.562000,90.000000,top
"R73","330","R_0603_1608Metric",76.492000,-145.006000,90.000000,top
"R74","4.75k","R_0603_1608Metric",78.270000,-145.006000,270.000000,top
"R75","100","R_0603_1608Metric",88.176000,-148.562000,90.000000,top
"R76","330","R_0603_1608Metric",76.492000,-135.006000,90.000000,top
"R77","4.75k","R_0603_1608Metric",78.270000,-135.006000,270.000000,top
"R78","100","R_0603_1608Metric",88.176000,-138.562000,90.000000,top
"R79","330","R_0603_1608Metric",76.492000,-125.006000,90.000000,top
"R80","4.75k","R_0603_1608Metric",78.270000,-125.006000,270.000000,top
"R81","100","R_0603_1608Metric",88.176000,-128.562000,90.000000,top
"R82","330","R_0603_1608Metric",76.492000,-115.006000,90.000000,top
"R83","4.75k","R_0603_1608Metric",78.270000,-115.006000,270.000000,top
"R84","100","R_0603_1608Metric",88.176000,-118.562000,90.000000,top
"R85","330","R_0603_1608Metric",76.492000,-105.006000,90.000000,top
"R86","4.75k","R_0603_1608Metric",78.270000,-105.006000,270.000000,top
"R87","100","R_0603_1608Metric",88.176000,-108.562000,90.000000,top
"R88","330","R_0603_1608Metric",76.492000,-95.006000,90.000000,top
"R89","4.75k","R_0603_1608Metric",78.270000,-95.006000,270.000000,top
"R90","100","R_0603_1608Metric",88.176000,-98.562000,90.000000,top
"R91","330","R_0603_1608Metric",76.492000,-85.006000,90.000000,top
"R92","4.75k","R_0603_1608Metric",78.270000,-85.006000,270.000000,top
"R93","100","R_0603_1608Metric",88.176000,-88.562000,90.000000,top
"R94","330","R_0603_1608Metric",76.492000,-75.006000,90.000000,top
"R95","4.75k","R_0603_1608Metric",78.270000,-75.006000,270.000000,top
"R96","100","R_0603_1608Metric",88.176000,-78.562000,90.000000,top
"R97","330","R_0603_1608Metric",76.492000,-65.006000,90.000000,top
"R98","4.75k","R_0603_1608Metric",78.270000,-65.006000,270.000000,top
"R99","100","R_0603_1608Metric",88.176000,-68.562000,90.000000,top
"R100","330","R_0603_1608Metric",76.492000,-55.006000,90.000000,top
"R101","4.75k","R_0603_1608Metric",78.270000,-55.006000,270.000000,top
"R102","100","R_0603_1608Metric",88.176000,-58.562000,90.000000,top
"R103","330","R_0603_1608Metric",76.492000,-45.006000,90.000000,top
"R104","4.75k","R_0603_1608Metric",78.270000,-45.006000,270.000000,top
"R105","100","R_0603_1608Metric",88.176000,-48.562000,90.000000,top
"R106","330","R_0603_1608Metric",76.492000,-35.006000,90.000000,top
"R107","4.75k","R_0603_1608Metric",78.270000,-35.006000,270.000000,top
"R108","100","R_0603_1608Metric",88.176000,-38.562000,90.000000,top
"R109","330","R_0603_1608Metric",76.492000,-25.006000,90.000000,top
"R110","4.75k","R_0603_1608Metric",78.270000,-25.006000,270.000000,top
"R111","100","R_0603_1608Metric",88.176000,-28.562000,90.000000,top
"R112","330","R_0603_1608Metric",76.492000,-15.006000,90.000000,top
"R113","4.75k","R_0603_1608Metric",78.270000,-15.006000,270.000000,top
"R114","100","R_0603_1608Metric",88.176000,-18.562000,90.000000,top
"R115","330","R_0603_1608Metric",76.492000,-5.006000,90.000000,top
"R116","4.75k","R_0603_1608Metric",78.270000,-5.006000,270.000000,top
"R117","100","R_0603_1608Metric",88.176000,-8.562000,90.000000,top
"R118","330","R_0603_1608Metric",76.492000,4.994000,90.000000,top
"R119","4.75k","R_0603_1608Metric",78.270000,4.994000,270.000000,top
"R120","100","R_0603_1608Metric",88.176000,1.438000,90.000000,top
"R121","330","R_0603_1608Metric",76.492000,14.994000,90.000000,top
"R122","4.75k","R_0603_1608Metric",78.270000,14.994000,270.000000,top
"R123","100","R_0603_1608Metric",88.176000,11.438000,90.000000,top
"R124","330","R_0603_1608Metric",76.492000,24.994000,90.000000,top
"R125","4.75k","R_0603_1608Metric",78.270000,24.994000,270.000000,top
"R126","100","R_0603_1608Metric",88.176000,21.438000,90.000000,top
"R127","1k","R_0603_1608Metric",197.358000,-176.784000,90.000000,top
"R128","1k","R_0603_1608Metric",193.040000,-176.784000,270.000000,top
"R129","1k","R_0603_1608Metric",197.358000,-166.784000,90.000000,top
"R130","1k","R_0603_1608Metric",193.040000,-166.784000,270.000000,top
"R131","1k","R_0603_1608Metric",197.358000,-156.784000,90.000000,top
"R132","1k","R_0603_1608Metric",193.040000,-156.784000,270.000000,top
"R133","1k","R_0603_1608Metric",197.358000,-146.784000,90.000000,top
"R134","1k","R_0603_1608Metric",193.040000,-146.784000,270.000000,top
"R135","1k","R_0603_1608Metric",197.358000,-136.784000,90.000000,top
"R136","1k","R_0603_1608Metric",193.040000,-136.784000,270.000000,top
"R137","1k","R_0603_1608Metric",197.358000,-126.784000,90.000000,top
"R138","1k","R_0603_1608Metric",193.040000,-126.784000,270.000000,top
"R139","1k","R_0603_1608Metric",197.358000,-116.784000,90.000000,top
"R140","1k","R_0603_1608Metric",193.040000,-116.784000,270.000000,top
"R141","1k","R_0603_1608Metric",197.358000,-106.784000,90.000000,top
"R142","1k","R_0603_1608Metric",193.040000,-106.784000,270.000000,top
"R143","1k","R_0603_1608Metric",197.358000,-96.784000,90.000000,top
"R144","1k","R_0603_1608Metric",193.040000,-96.784000,270.000000,top
"R145","1k","R_0603_1608Metric",197.358000,-86.784000,90.000000,top
"R146","1k","R_0603_1608Metric",193.040000,-86.784000,270.000000,top
"R147","1k","R_0603_1608Metric",197.358000,-76.784000,90.000000,top
"R148","1k","R_0603_1608Metric",193.040000,-76.784000,270.000000,top
"R149","1k","R_0603_1608Metric",197.358000,-66.784000,90.000000,top
"R150","1k","R_0603_1608Metric",193.040000,-66.784000,270.000000,top
"R151","1k","R_0603_1608Metric",197.358000,-56.784000,90.000000,top
"R152","1k","R_0603_1608Metric",193.040000,-56.784000,270.000000,top
"R153","1k","R_0603_1608Metric",197.358000,-46.784000,90.000000,top
"R154","1k","R_0603_1608Metric",193.040000,-46.784000,270.000000,top
"R155","1k","R_0603_1608Metric",197.358000,-36.784000,90.000000,top
"R156","1k","R_0603_1608Metric",193.040000,-36.784000,270.000000,top
"R157","1k","R_0603_1608Metric",197.358000,-26.784000,90.000000,top
"R158","1k","R_0603_1608Metric",193.040000,-26.784000,270.000000,top
"R159","1k","R_0603_1608Metric",197.358000,-16.784000,90.000000,top
"R160","1k","R_0603_1608Metric",193.040000,-16.784000,270.000000,top
"R161","1k","R_0603_1608Metric",197.358000,-6.784000,90.000000,top
"R162","1k","R_0603_1608Metric",193.040000,-6.784000,270.000000,top
"R163","1k","R_0603_1608Metric",197.358000,3.216000,90.000000,top
"R164","1k","R_0603_1608Metric",193.040000,3.216000,270.000000,top
"R165","1k","R_0603_1608Metric",197.358000,13.216000,90.000000,top
"R166","1k","R_0603_1608Metric",193.040000,13.216000,270.000000,top
"R167","1k","R_0603_1608Metric",197.358000,23.216000,90.000000,top
"R168","1k","R_0603_1608Metric",193.040000,23.216000,270.000000,top
"R169","4.75k","R_0603_1608Metric",19.558000,-142.468500,270.000000,top
"R170","4.75k","R_0603_1608Metric",22.606000,-142.494000,270.000000,top
"R171","4.75k","R_0603_1608Metric",49.276000,-153.670000,270.000000,top
"R172","4.75k","R_0603_1608Metric",46.482000,-153.670000,270.000000,top
"R173","R","R_0603_1608Metric",100.787500,41.800000,0.000000,top
"R174","121k","R_0603_1608Metric",104.200000,37.587500,270.000000,top
"R175","10k","R_0603_1608Metric",101.522000,34.290000,180.000000,top
"R176","39","R_0603_1608Metric",110.200000,40.487500,90.000000,top
"R177","R","R_0603_1608Metric",153.416000,37.512500,270.000000,top
"R178","5","R_0603_1608Metric",151.892000,37.512500,90.000000,top
"U5","LT1117-5.0","SOT-223-3_TabPin2",25.146000,-104.902000,270.000000,top
"U6","ADuM4121","SOIC-8_7.5x5.85mm_P1.27mm",142.900000,37.846000,0.000000,top
"U7","LT8302","SO-8_3.9x4.9mm_P1.27mm",99.744000,38.354000,0.000000,top
